outcome,correl,min_age,max_age,n,study
dg_,0.01704049580843796,18,81,1400,study 1
SVOangle_T2,-0.051112671956504825,18,81,1400,study 1
dg_,0.03096457193775121,18,80,903,study 2
